{"current_job": null, "skills_2": null, "description": "Looking for new job opportunity. Chemical Process Manager at Suzhou Novartis Pharmaceutical Technology Co., Ltd", "education_sum": null, "url": "http://www.linkedin.com/profile/view?id=ADEAABdZsm4B_dzTuiyOfS5hdQsoK8qyCkjHDl4&authType=NAME_SEARCH&authToken=9ScN", "industry": "制药", "job_4": null, "job_2": null, "job_1": null, "skills": null, "job_3": null, "job_0": null, "personal": null, "location": "中国 江苏 苏州", "key": "lee", "profile_img_s": "https://media.licdn.com/mpr/mpr/shrink_100_100/AAEAAQAAAAAAAAODAAAAJDY5MmJlNzc5LTA3MDktNGVmMy1iNTRkLWM4YTdmMmNjNjJkZg.jpg", "full_content": null, "education_tot": null, "similar": "http://www.linkedin.com/vsearch/p?rsid=4484739321446732629128&pivotType=sim&pid=391754350&authType=NAME_SEARCH&authToken=9ScN&trk=vsrp_people_res_sim&trkInfo=VSRPsearchId%3A4484739321446732629128%2CVSRPtargetId%3A391754350%2CVSRPcmpt%3Aprimary", "name": "李(Lee)军(James)"}
{"current_job": null, "skills_2": null, "description": "产品VP（移动医疗）", "education_sum": null, "url": "http://www.linkedin.com/profile/view?id=ADEAAAKLDSgBTIK-h8ejIyrSyv_ushdfgkEe7EQ&authType=NAME_SEARCH&authToken=2zwT", "industry": "互联网", "job_4": null, "job_2": null, "job_1": null, "skills": null, "job_3": null, "job_0": null, "personal": null, "location": "中国 江苏 苏州", "key": "lee", "profile_img_s": "https://media.licdn.com/mpr/mpr/shrink_100_100/p/3/000/1e8/29e/17536b2.jpg", "full_content": null, "education_tot": null, "similar": "http://www.linkedin.com/vsearch/p?rsid=4484739321446732658345&pivotType=sim&pid=391754350&authType=NAME_SEARCH&authToken=9ScN&trk=vsrp_people_res_sim&trkInfo=VSRPsearchId%3A4484739321446732658345%2CVSRPtargetId%3A391754350%2CVSRPcmpt%3Aprimary", "name": "李建淼 (Nick Lee)"}
{"current_job": null, "skills_2": null, "description": "LUOYANG QIHANG CHEMICAL INDUSTRIAL CO.,LTD - Sales Manager", "education_sum": null, "url": "http://www.linkedin.com/profile/view?id=ADEAABdLYJkBDoSjKdQWSu3zC3HkRq7JNqijtT4&authType=NAME_SEARCH&authToken=hZP-", "industry": "化学", "job_4": null, "job_2": null, "job_1": null, "skills": null, "job_3": null, "job_0": null, "personal": null, "location": "中国 江苏 苏州", "key": "lee", "profile_img_s": "https://static.licdn.com/scds/common/u/images/themes/katy/ghosts/person/ghost_person_100x100_v1.png", "full_content": null, "education_tot": null, "similar": "http://www.linkedin.com/vsearch/p?rsid=4484739321446732649175&pivotType=sim&pid=391754350&authType=NAME_SEARCH&authToken=9ScN&trk=vsrp_people_res_sim&trkInfo=VSRPsearchId%3A4484739321446732649175%2CVSRPtargetId%3A391754350%2CVSRPcmpt%3Aprimary", "name": "Lee (Jovy Lee) Jovy"}
{"current_job": null, "skills_2": null, "description": "Looking for new job opportunity. Chemical Process Manager at Suzhou Novartis Pharmaceutical Technology Co., Ltd", "education_sum": null, "url": "http://www.linkedin.com/profile/view?id=ADEAABdZsm4B_dzTuiyOfS5hdQsoK8qyCkjHDl4&authType=NAME_SEARCH&authToken=9ScN", "industry": "制药", "job_4": null, "job_2": null, "job_1": null, "skills": null, "job_3": null, "job_0": null, "personal": null, "location": "中国 江苏 苏州", "key": "lee", "profile_img_s": "https://media.licdn.com/mpr/mpr/shrink_100_100/AAEAAQAAAAAAAAODAAAAJDY5MmJlNzc5LTA3MDktNGVmMy1iNTRkLWM4YTdmMmNjNjJkZg.jpg", "full_content": null, "education_tot": null, "similar": "http://www.linkedin.com/vsearch/p?rsid=4484739321446732671194&pivotType=sim&pid=391754350&authType=NAME_SEARCH&authToken=9ScN&trk=vsrp_people_res_sim&trkInfo=VSR