{"url": "http://www.linkedin.com/profile/view?id=ADEAABMx_L8B3-Lck2vcg7NWAnpMB7ZtwxcBpVw&authType=NAME_SEARCH&authToken=I3Yh", "skills_2": "Process Improvement\nProduct Management\nProgram Management\nTelecommunications\n", "location": "江苏 无锡", "current_job": null, "description": "SQE at Apple", "award": null, "key": "pop pu", "profile_img_s": "https://static.licdn.com/scds/common/u/images/themes/katy/ghosts/person/ghost_person_100x100_v1.png", "full_content": "南京工业大学", "worked": "Motorola, 捷普, 新苏商标专利事务所", "name": "Pop Pu", "education_sum": "南京工业大学", "skills": "Six Sigma\nCross-functional Team...\nLean Manufacturing\nManufacturing\nEngineering Management\nSupply Chain\nSupply Chain Management\nContinuous Improvement\nDMAIC\nMobile Devices\n", "education_background": "南京工业大学", "industry": "电子产品", "job_1": "Project Manager\n捷普\n2011 年 11 月 – 2013 年 7 月 (1 年 9 个月)Wuxi", "job_0": "SDE\nMotorola\n2013 年 9 月 – 2015 年 5 月 (1 年 9 个月)east china", "job_3": "Quality Engineer\n捷普\n2005 年 6 月 – 2008 年 4 月 (2 年 11 个月)Suzhou", "job_2": "Quality Manager\n捷普\n2008 年 5 月 – 2011 年 11 月 (3 年 7 个月)Suzhou, Wuxi", "job_4": "企划\n新苏商标专利事务所\n2003 年 7 月 – 2005 年 5 月 (1 年 11 个月)中国 江苏 苏州", "similar": "http://www.linkedin.com/vsearch/p?rsid=4484739321449372101886&pivotType=sim&pid=322043071&authType=NAME_SEARCH&authToken=I3Yh&trk=vsrp_people_res_sim&trkInfo=VSRPsearchId%3A4484739321449372101886%2CVSRPtargetId%3A322043071%2CVSRPcmpt%3Aprimary", "education_tot": "南京工业大学\nBachelor of Engineering (B.Eng.), Automation\n1999 – 2003\n"}
