{"current_job": null, "skills_2": null, "description": "吉林省江山猎头有限公司 - 猎头顾问", "education_sum": null, "url": "http://www.linkedin.com/profile/view?id=ADEAABd8Q5MBB05CJvSnLFrJA3aFbcVBiCRh4Vs&authType=NAME_SEARCH&authToken=cWDw", "industry": "人力资源", "job_4": null, "job_2": null, "job_1": null, "skills": null, "job_3": null, "job_0": null, "personal": null, "location": "中国 吉林 长春", "key": "David", "profile_img_s": "https://static.licdn.com/scds/common/u/images/themes/katy/ghosts/person/ghost_person_100x100_v1.png", "full_content": null, "education_tot": null, "similar": "http://www.linkedin.com/vsearch/p?rsid=4484739321448344069790&pivotType=sim&pid=394019731&authType=NAME_SEARCH&authToken=cWDw&trk=vsrp_people_res_sim&trkInfo=VSRPsearchId%3A4484739321448344069790%2CVSRPtargetId%3A394019731%2CVSRPcmpt%3Aprimary", "name": "长春猎头David Chen (David Chen)"}
{"current_job": null, "skills_2": null, "description": "Lawyer, Entrepreneur, Incubator of Social Innovation and Creativity", "education_sum": null, "url": "http://www.linkedin.com/profile/view?id=ADEAAAAAd5gBmQzZWccgr26cv_LimFi0uTKLMAU&authType=NAME_SEARCH&authToken=slJv", "industry": "智囊团", "job_4": null, "job_2": null, "job_1": null, "skills": null, "job_3": null, "job_0": null, "personal": null, "location": "中国 吉林 长春", "key": "David", "profile_img_s": "https://media.licdn.com/mpr/mpr/shrink_100_100/p/7/005/091/089/33955c7.jpg", "full_content": null, "education_tot": null, "similar": "http://www.linkedin.com/vsearch/p?rsid=4484739321448344103297&pivotType=sim&pid=394019731&authType=NAME_SEARCH&authToken=cWDw&trk=vsrp_people_res_sim&trkInfo=VSRPsearchId%3A4484739321448344103297%2CVSRPtargetId%3A394019731%2CVSRPcmpt%3Aprimary", "name": "康如松"}
{"current_job": null, "skills_2": null, "description": "VINCI 智能头机创始人 、首席运营官", "education_sum": null, "url": "http://www.linkedin.com/profile/view?id=ADEAAADZavkBAYY4FHSVZ7d5XPoSKHZqGff7Wf8&authType=OPENLINK&authToken=EZ6v&lo", "industry": "互联网", "job_4": null, "job_2": null, "job_1": null, "skills": null, "job_3": null, "job_0": null, "personal": null, "location": "中国 吉林 长春", "key": "David", "profile_img_s": "https://media.licdn.com/mpr/mpr/shrink_100_100/p/6/005/088/389/347cf47.jpg", "full_content": null, "education_tot": null, "similar": "http://www.linkedin.com/vsearch/p?rsid=4484739321448344089920&pivotType=sim&pid=394019731&authType=NAME_SEARCH&authToken=cWDw&trk=vsrp_people_res_sim&trkInfo=VSRPsearchId%3A