{"bottomline": ["深圳", "设计类", "1人"], "sharetitle": ["SD3-互娱2D原画设计师（深圳）"], "link": "http://hr.tencent.com/position_detail.php?id=16300&keywords=&lid=0&tid=0"}
{"bottomline": ["深圳", "技术类", "2人"], "sharetitle": ["SD9-移动终端游戏开发工程师（深圳）"], "link": "http://hr.tencent.com/position_detail.php?id=16709&keywords=&lid=0&tid=0"}
{"bottomline": ["深圳", "产品/项目类", "1人"], "sharetitle": ["MIG12-高级数据分析经理（深圳）"], "link": "http://hr.tencent.com/position_detail.php?id=12799&keywords=&lid=0&tid=0"}
{"bottomline": ["深圳", "技术类", "5人"], "sharetitle": ["SNG03-QQ iOS开发工程师（深圳）"], "link": "http://hr.tencent.com/position_detail.php?id=16602&keywords=&lid=0&tid=0"}
{"bottomline": ["深圳", "技术类", "4人"], "sharetitle": ["TEG07-PHP开发工程师（深圳）"], "link": "http://hr.tencent.com/position_detail.php?id=16714&keywords=&lid=0&tid=0"}
{"bottomline": ["上海", "技术类", "2人"], "sharetitle": ["SNG15-广告业务Java开发工程师（上海）"], "link": "http://hr.tencent.com/position_detail.php?id=16639&keywords=&lid=0&tid=0"}
{"bottomline": ["深圳", "技术类", "1人"], "sharetitle": ["MIG12-技术运营工程师（深圳）"], "link": "http://hr.tencent.com/position_detail.php?id=16458&keywords=&lid=0&tid=0"}
{"bottomline": ["深圳", "技术类", "9人"], "sharetitle": ["14413-android终端开发工程师（深圳）"], "link": "http://hr.tencent.com/position_detail.php?id=16243&keywords=&lid=0&tid=0"}
{"bottomline": ["深圳", "职能类", "4人"], "sharetitle": ["S2-财经系统需求分析师（深圳）"], "link": "http://hr.tencent.com/position_detail.php?id=16582&keywords=&lid=0&tid=0"}
{"bottomline": ["深圳", "技术类", "4人"], "sharetitle": ["14413-Android终端开发工程师（深圳）"], "link": "http://hr.tencent.com/position_detail.php?id=13424&keywords=&lid=0&tid=0"}
{"bottomline": ["北京", "内容编辑类", "2人"], "sharetitle": ["OMG10-腾讯综艺视频编辑（北京）"], "link": "http://hr.tencent.com/position_detail.php?id=15775&keywords=&lid=0&tid=0"}
{"bottomline": ["北京", "内容编辑类", "1人"], "sharetitle": ["OMG10-腾讯视频综艺运营编辑（北京）"], "link": "http://hr.tencent.com/position_detail.php?id=14937&keywords=&lid=0&tid=0"}
{"bottomline": ["深圳", "产品/项目类", "6人"], "sharetitle": ["13552-Global Operation Talents (shenzhen)"], "link": "http://hr.tencent.com/position_detail.php?id=15974&keywords=&lid=0&tid=0"}
{"bottomline": ["上海", "设计类", "2人"], "sharetitle": ["SD8-3D美术设计师（上海）"], "link": "http://hr.tencent.com/position_detail.php?id=16730&keywords=&lid=0&tid=0"}
{"bottomline": ["上海", "产品/项目类", "2人"], "sharetitle": ["SD8-移动终端手游策划（上海）"], "link": "http://hr.tencent.com/position_detail.php?id=13299&keywords=&lid=0&tid=0"}
{"bottomline": ["北京", "设计类", "1人"], "sharetitle": ["SNG10-交互设计师（北京）"], "link": "http://hr.tencent.com/position_detail.php?id=16305&keywords=&lid=0&tid=0"}
{"bottomline": ["成都", "技术类", "1人"], "sharetitle": ["SD2-后台开发工程师（成都）"], "link": "http://hr.tencent.com/position_detail.php?id=12133&keywords=&lid=0&tid=0"}
{"bottomline": ["北京", "市场类", "1人"], "sharetitle": ["SNG15-市场活动策划与执行（北京）"], "link": "http://hr.tencent.com/position_detail.php?id=16266&keywords=&lid=0&tid=0"}
{"bottomline": ["深圳", "技术类", "1人"], "sharetitle": ["SD9-互娱后台开发工程师（深圳）"], "link": "http://hr.tencent.com/position_detail.php?id=16708&keywords=&lid=0&tid=0"}
{"bottomline": ["深圳", "技术类", "1人"], "sharetitle": ["SD5-后台开发工程师（深圳）"], "link": "http://hr.tencent.com/position_detail.php?id=14854&keywords=&lid=0&tid=0"}
{"bottomline": ["深圳", "产品/项目类", "14人"], "sharetitle": ["13551-移动游戏数据分析与商业化运营策划（深圳）"], "link": "http://hr.tencent.com/position_detail.php?id=14982&keywords=&lid=0&tid=0"}
