{"current_job": "Sales Manager\nYiwu Fangdian export and import Co., Ltd\n2015 年 1 月 – 至今 (1 年)Yiwu, Zhejiang, China\nDeveloping& Purchasing", "skills_2": null, "description": "Manager — Yiwu Fangdian export and import Co., Ltd", "education_sum": null, "url": "http://www.linkedin.com/profile/view?id=ADEAABajH8wBM-fGk79w_hibXQPzkAoyy9UN2_o&authType=NAME_SEARCH&authToken=UF_V", "industry": "化妆品", "job_4": null, "job_2": "Business Owner\nSaixin cosmetics package Co.，Ltd\n2007 年 3 月 – 2009 年 3 月 (2 年 1 个月)Yiwu\nSale, purchasing, developing products", "job_1": "General Manager\nGold onyx (mingguang) company\n2009 年 5 月 – 2009 年 10 月 (6 个月)\nCEO", "skills": "4\nDevelop New Product\n4\nCommunication\n2\nMockup\n2\nSupplier system", "job_3": "Project Manager\nE-Fation (Shanghai) cosmetics Co.，Ltd\n2004 年 3 月 – 2007 年 3 月 (3 年 1 个月)Shanghai\nDeveloping & purchasing", "job_0": "Business Owner\nSINO REALITY SOURCING LIMTED\n2010 年 2 月 – 2015 年 1 月 (5 年)Yiwu\nCEO", "personal": null, "location": "中国 浙江 金华", "key": "jacob", "profile_img_s": "https://static.licdn.com/scds/common/u/images/themes/katy/ghosts/person/ghost_person_100x100_v1.png", "full_content": "FangDian Export & Import company is a new trading company who only do perfume and perfume package. We have no factory but we have good suppliers like glass bottle factory, plastics cap factory, Cap UV factory, pump factory, color box factory , ... We do perfume package job more than 10 years, and now we have our own purchasing system.\nHopeful that we can do business. :)", "education_tot": null, "similar": "http://www.linkedin.com/vsearch/p?rsid=4484739321448939170473&pivotType=sim&pid=379789260&authType=NAME_SEARCH&authToken=UF_V&trk=vsrp_people_res_sim&trkInfo=VSRPsearchId%3A4484739321448939170473%2CVSRPtargetId%3A379789260%2CVSRPcmpt%3Aprimary", "name": "Jacob (Jacob) Jiang"}
